name,surname,phone,email,username,password,birthdate
Scottie,Moore-Kassulke,704-456-5323,Melissa_Schamberger@yahoo.com,Paige_Rohan89,B7kExQDjK4xirhy,Sat Jun 22 2024 16:37:50 GMT+0300 (Rytų Europos vasaros laikas)
Donald,Brown,1-382-647-5888 x328,Izabella59@hotmail.com,Christelle8,CmOqEn6O7CUWcsq,Fri Oct 18 2024 04:28:20 GMT+0300 (Rytų Europos vasaros laikas)
Boyd,Quitzon,664-225-5560,London_Huels78@gmail.com,Hertha18,fjSrYmqkYk0S301,Fri Oct 04 2024 19:49:59 GMT+0300 (Rytų Europos vasaros laikas)
Dortha,Mante,1-782-429-7873 x73765,Rosetta_Kuhlman77@hotmail.com,Alex34,KaBPERP3b5rDkUV,Wed May 29 2024 04:34:37 GMT+0300 (Rytų Europos vasaros laikas)
Teresa,Champlin,1-316-554-8447 x589,Pierce.Stehr74@hotmail.com,Stefanie_Flatley,ksz3FgE2YH_BodT,Sun Apr 21 2024 08:11:18 GMT+0300 (Rytų Europos vasaros laikas)
Rylee,Borer,1-439-702-4074 x7245,Darby_Gleichner@gmail.com,Jace_Orn23,SDs5HeBLQpJoCpa,Tue Feb 27 2024 01:48:02 GMT+0200 (Rytų Europos žiemos laikas)
Alexandria,Shanahan,(611) 538-4661 x843,Steve.Jacobson@hotmail.com,Alysson_Huel79,6KpZa8_S71AMxPJ,Tue Dec 31 2024 09:57:59 GMT+0200 (Rytų Europos žiemos laikas)
Micah,Kessler,636.891.2496 x14724,Meggie55@hotmail.com,Loren.Orn64,GraGrq1FhNVfgxR,Tue Jan 07 2025 16:16:58 GMT+0200 (Rytų Europos žiemos laikas)
Patience,Bartell,469-246-4791,Drew31@hotmail.com,Bella50,yX8di9u8RYQbpRG,Tue Sep 03 2024 00:25:09 GMT+0300 (Rytų Europos vasaros laikas)
Genoveva,King,689.420.7819 x425,Kathryn_Langosh@yahoo.com,Toni3,jgLwYidVjHEEOCe,Sat Aug 17 2024 08:04:23 GMT+0300 (Rytų Europos vasaros laikas)
Francisca,Bins,1-999-608-9363,Paul.Klocko@gmail.com,Garrick70,vklRF3Jh0mUUr8a,Mon May 06 2024 12:42:13 GMT+0300 (Rytų Europos vasaros laikas)
Willow,Toy-O'Conner,578.461.5006 x1792,Ladarius_Veum@hotmail.com,Amelie45,oKUh8c7cPbwQHME,Wed Jul 03 2024 13:14:44 GMT+0300 (Rytų Europos vasaros laikas)
Furman,Ullrich,(575) 518-1446 x2619,Darwin_Nitzsche@hotmail.com,Sabryna45,7cNGUVIdFCBi6B2,Fri Mar 15 2024 06:46:44 GMT+0200 (Rytų Europos žiemos laikas)
Amira,Hickle,873.906.6117 x1629,Brittany.Jaskolski2@gmail.com,Elza_Emard21,0tqqkzPFwNzGFCh,Sat Oct 19 2024 09:48:56 GMT+0300 (Rytų Europos vasaros laikas)
Haley,Ritchie,733.323.5898 x2894,Dixie_Gutmann@gmail.com,Clarabelle.Brown,PhSPulYH_TkNvyJ,Wed Dec 18 2024 18:39:52 GMT+0200 (Rytų Europos žiemos laikas)
Johan,Kris,716-753-1074 x341,Blaze.Kub-Tremblay37@gmail.com,Delfina_Hegmann,pn7wECgIg7P0FiZ,Sun Apr 21 2024 01:51:29 GMT+0300 (Rytų Europos vasaros laikas)
Ruthe,Tillman,524.477.0028 x7928,Mariane_Lesch4@hotmail.com,Addison98,gKW0T_RJUapvOwm,Fri Oct 04 2024 22:08:13 GMT+0300 (Rytų Europos vasaros laikas)
Devante,Gislason,242-922-8822 x6563,Zander.Weimann@gmail.com,Odell_McCullough-Zulauf20,p2bRoluUhAvzyOt,Sat Sep 28 2024 23:33:18 GMT+0300 (Rytų Europos vasaros laikas)
Hillard,Lakin,(444) 321-7327,Alanis_Abbott2@gmail.com,Sunny.Carter,AqGOWSIkUgmJbb2,Sat Oct 19 2024 15:02:40 GMT+0300 (Rytų Europos vasaros laikas)
Jammie,Maggio-Bins,496-417-2817,Hardy.Weimann71@yahoo.com,Samson_Schaden8,SpLcdSksBWPxZb1,Wed Jun 12 2024 16:49:50 GMT+0300 (Rytų Europos vasaros laikas)
Jacky,Skiles,(361) 357-4282 x4361,Jamar_Harris2@hotmail.com,Jean.Metz9,RLA3t9MejEgk0Qw,Mon Jun 24 2024 22:55:46 GMT+0300 (Rytų Europos vasaros laikas)
Toni,Ankunding,1-250-719-5826,Eldred_Feil@gmail.com,Dayna_Cassin,jTuk94cX7wXM5DE,Fri Mar 01 2024 23:18:38 GMT+0200 (Rytų Europos žiemos laikas)
Alene,Cummerata,1-428-501-8628 x61799,Pearlie.Berge@hotmail.com,Juliana_Lesch16,_kw9dDyrofIpTsf,Sat Aug 10 2024 04:26:15 GMT+0300 (Rytų Europos vasaros laikas)
Alba,Goyette-Bartell,758.240.7155,Selmer.Schimmel-Deckow72@yahoo.com,Bonita.Jenkins,lBRVtAr_IdcIVab,Fri Sep 20 2024 04:48:33 GMT+0300 (Rytų Europos vasaros laikas)
Rhiannon,Kiehn,(321) 212-2641 x654,Jayne_Orn46@hotmail.com,Jevon68,r9_3qQggwOXvzm9,Thu Dec 05 2024 20:32:06 GMT+0200 (Rytų Europos žiemos laikas)
Alfredo,Sanford,1-313-928-0947 x11915,Claudine.Harber@yahoo.com,Willy.Doyle31,wuXvESjGSwnCTzz,Fri Aug 09 2024 04:11:37 GMT+0300 (Rytų Europos vasaros laikas)
Gerardo,Feeney,933-266-0880 x512,Anastasia12@yahoo.com,Sheila_Langosh,LsJc1aF2x7LP_E8,Sat Oct 12 2024 03:22:26 GMT+0300 (Rytų Europos vasaros laikas)
Heber,Hettinger,(908) 937-5778,Sedrick.White@yahoo.com,Sven.Beer,M9ZL49ZWckW9J1m,Fri Jan 17 2025 10:40:17 GMT+0200 (Rytų Europos žiemos laikas)
Faustino,Kovacek,1-861-486-4712,Athena69@hotmail.com,Nolan27,wnMmZCEwdl2_ce8,Mon Apr 15 2024 16:15:24 GMT+0300 (Rytų Europos vasaros laikas)
Felicia,Jaskolski,401-203-9281,Alta.Kuhn20@gmail.com,Freeda_Gorczany93,9IT0jonyKox7uMM,Sat Jan 11 2025 13:13:09 GMT+0200 (Rytų Europos žiemos laikas)
Gerardo,Smith,1-646-470-9400 x2643,Jillian_Koepp@gmail.com,Lizzie60,p4KpU7bAPoUTFbA,Sun Jun 09 2024 15:40:09 GMT+0300 (Rytų Europos vasaros laikas)
Jovanny,McDermott,523.756.8324,Terrance_Pacocha@hotmail.com,Tanner_Russel,oapZuKhqR2G9MAz,Tue Oct 15 2024 10:01:02 GMT+0300 (Rytų Europos vasaros laikas)
Gordon,Sipes,205-854-4062,Lolita_Armstrong@yahoo.com,Robb21,UfXyzDIwA5M2D5r,Fri Apr 12 2024 21:29:32 GMT+0300 (Rytų Europos vasaros laikas)
Edd,Marks,606.463.2802 x8958,Vena85@hotmail.com,Velva.Schuppe72,h2aooe1tIpvCTcF,Thu Nov 14 2024 18:15:10 GMT+0200 (Rytų Europos žiemos laikas)
Tomasa,Rempel,1-441-682-2883 x40071,Ron67@hotmail.com,Jarod.Stroman20,UAikYOSU_CLzWz0,Mon Feb 26 2024 18:09:08 GMT+0200 (Rytų Europos žiemos laikas)
Phyllis,Trantow,980-200-2204 x47728,Claud7@yahoo.com,Fernando53,F59oDPvjCjJDmXm,Wed Oct 16 2024 15:58:40 GMT+0300 (Rytų Europos vasaros laikas)
Rafael,Pollich,357-500-4213 x18397,Keagan.Rice4@yahoo.com,Peggie.Feeney,vZSqhQFO3n8hIxG,Sat Dec 07 2024 23:11:11 GMT+0200 (Rytų Europos žiemos laikas)
Iliana,Ondricka,1-328-752-5599 x25873,Luna_Witting@hotmail.com,Cesar_Howe,A2_rHbY3h76FUd1,Wed Sep 11 2024 16:41:12 GMT+0300 (Rytų Europos vasaros laikas)
Drew,Bashirian-Pollich,1-572-834-3482 x525,Maritza98@gmail.com,Karley75,QeCr2clE4DembuE,Sun Jul 07 2024 23:02:41 GMT+0300 (Rytų Europos vasaros laikas)
Daryl,Cartwright,(621) 461-7298 x790,Damian.Blick46@gmail.com,Mandy.Jenkins,Cfr33Dinnl1TDIH,Mon Feb 24 2025 17:21:59 GMT+0200 (Rytų Europos žiemos laikas)
Daisha,Kutch,(803) 466-0098 x572,Bernadette_Leffler@yahoo.com,Lavonne34,qOA_NcqlAigNHZ2,Wed Jul 03 2024 19:12:32 GMT+0300 (Rytų Europos vasaros laikas)
Barton,Maggio,849.443.0782,Jadon5@hotmail.com,Kaylin13,uSia9fa0t1NIttL,Wed Oct 16 2024 05:30:45 GMT+0300 (Rytų Europos vasaros laikas)
Annetta,Feeney,1-544-922-2749 x4417,Ken_DAmore@yahoo.com,Alexys71,s7UuGSGpcxfxOgZ,Mon Aug 26 2024 20:05:40 GMT+0300 (Rytų Europos vasaros laikas)
Reuben,Schmeler,460.467.8732,Trey3@hotmail.com,Nickolas_Herman,meS4FpMmSEDCeXw,Tue Mar 19 2024 17:52:38 GMT+0200 (Rytų Europos žiemos laikas)
Jazmin,Buckridge-Wyman,938-920-7605,Connie_Deckow55@yahoo.com,Sophia.Bins,OOX_zx8hKp6IxfF,Sat Jul 06 2024 06:41:20 GMT+0300 (Rytų Europos vasaros laikas)
Cameron,Maggio,(704) 695-3836 x25474,Dedrick82@gmail.com,Sophie75,hW0fSknQrzGCn8V,Wed Mar 06 2024 05:29:08 GMT+0200 (Rytų Europos žiemos laikas)
Elisabeth,Cremin,382-607-3671,Korbin.Franey@yahoo.com,Kirsten_Haley,6mCYPtZSNI0I5HN,Mon May 13 2024 21:38:54 GMT+0300 (Rytų Europos vasaros laikas)
Marina,Feil,850-972-3531,Al_Jerde97@yahoo.com,August66,JQpYxTRzFpV4IKK,Sat Dec 28 2024 06:33:06 GMT+0200 (Rytų Europos žiemos laikas)
Harmony,Abbott,692-565-7073 x56722,Betty_Welch@hotmail.com,Aurore_Labadie42,ihXpluanjxD4las,Sat Jun 08 2024 17:25:45 GMT+0300 (Rytų Europos vasaros laikas)
Kay,Stokes,(897) 592-8512 x34183,Alexandrine.Leannon@hotmail.com,Royal0,lWmxoUguE8l3KKE,Wed Oct 16 2024 10:47:25 GMT+0300 (Rytų Europos vasaros laikas)
Shawna,Lowe,1-924-722-7387,Merlin_Kuhic39@yahoo.com,Francisco_Lemke,KPcucryunjsDFYM,Tue Apr 02 2024 07:58:49 GMT+0300 (Rytų Europos vasaros laikas)
Jamey,Hoeger,(287) 965-8892 x6970,Lilyan_Ortiz@hotmail.com,Reva.King,CnvfMOHGXCp25c7,Sun Nov 24 2024 18:21:45 GMT+0200 (Rytų Europos žiemos laikas)
Skylar,Thompson,827-818-8135,Art51@gmail.com,Chanel.Baumbach-Kuhic,uBCHcU78KEUaT8e,Thu Aug 08 2024 01:17:14 GMT+0300 (Rytų Europos vasaros laikas)
Cristina,Schmitt,732.213.5046,Devonte.Lind@gmail.com,Haskell57,XdeKRJUWrmWKkdd,Tue Jun 11 2024 18:34:17 GMT+0300 (Rytų Europos vasaros laikas)
Wilton,Botsford,(413) 557-6539 x17970,Robb_Ernser@hotmail.com,Maybelle_Kunde,ukLkUVtTtpI7kYu,Sat Dec 14 2024 00:13:24 GMT+0200 (Rytų Europos žiemos laikas)
River,Jerde,946.936.8165 x268,Guadalupe_Ernser46@hotmail.com,Katrina42,ppxKhtvcQLDUpBO,Thu Nov 21 2024 01:42:09 GMT+0200 (Rytų Europos žiemos laikas)
Ocie,Mayer,1-662-792-4597 x5516,Myrtice_Gleichner@gmail.com,Pat.Schumm,c5I5IILzvXvxlST,Mon May 20 2024 14:09:27 GMT+0300 (Rytų Europos vasaros laikas)
Eileen,Ortiz,373-440-4513 x53984,Adrian_Larkin26@gmail.com,Maudie1,AyiLnNRufq2yfET,Fri Dec 20 2024 10:20:19 GMT+0200 (Rytų Europos žiemos laikas)
Buster,Little,939.889.2572 x201,Karlee.Emmerich14@gmail.com,Maxine93,dt7C8sWqb8w7PzD,Tue Oct 15 2024 03:38:08 GMT+0300 (Rytų Europos vasaros laikas)
Theron,Nader,391.855.3089 x4008,Aurelio39@gmail.com,Percival.Mante89,tSdZB0FJo8IuO5G,Sat Aug 03 2024 15:27:33 GMT+0300 (Rytų Europos vasaros laikas)
Sophie,Schneider,889-987-3969,Linnie61@gmail.com,Ceasar_Simonis,Mf92hjbzxjRp3ol,Mon Jul 15 2024 06:43:54 GMT+0300 (Rytų Europos vasaros laikas)
Eliza,Jast,468.711.9043 x3746,Ariane_Ratke82@gmail.com,Pauline_McDermott,pNeDibCOVJkjwpL,Sat Sep 21 2024 19:52:43 GMT+0300 (Rytų Europos vasaros laikas)
Esteban,Koepp,989-566-7682 x13341,Shirley.Johnston47@gmail.com,Jordane92,J7l_ZhIta_gk6Sd,Sat Jun 22 2024 01:34:37 GMT+0300 (Rytų Europos vasaros laikas)
Rita,Welch,766.648.8825,Sidney_Powlowski@gmail.com,Adaline8,pVtDvRiJZgxqYID,Wed May 15 2024 16:46:02 GMT+0300 (Rytų Europos vasaros laikas)
Milford,Schuster,807-616-6697 x2819,Lorenzo.Mraz@gmail.com,Franco.Denesik,KbzO7T_AHRLLlVj,Thu May 23 2024 02:21:23 GMT+0300 (Rytų Europos vasaros laikas)
Danielle,Strosin,(716) 413-4130 x655,Jeramy52@yahoo.com,Kiarra_Bashirian97,zuVZKikVHzUq7lQ,Sun Sep 29 2024 03:34:27 GMT+0300 (Rytų Europos vasaros laikas)
Deangelo,Jenkins,(605) 918-7712 x29654,Jed56@yahoo.com,Rodger_Shields-Hintz93,D66c4uvcMr1en7f,Fri May 17 2024 10:28:54 GMT+0300 (Rytų Europos vasaros laikas)
Leilani,Green,(321) 941-4975 x746,Devan_Stoltenberg@gmail.com,Rosetta.Miller20,kznb4U0H4S_AQ59,Tue Apr 09 2024 23:24:50 GMT+0300 (Rytų Europos vasaros laikas)
Allan,Jenkins,530-887-2496 x07815,Kaylie.Hackett@hotmail.com,Esteban30,5P8Fhs5fD4DJ7E7,Sun Sep 15 2024 03:25:40 GMT+0300 (Rytų Europos vasaros laikas)
Bennie,Leannon,1-484-833-0429 x0241,Stephanie.Hammes24@yahoo.com,Odessa45,BXDcGUVI_CBrFly,Wed Aug 21 2024 10:57:36 GMT+0300 (Rytų Europos vasaros laikas)
Rosendo,Langosh,858-207-3793 x266,Eudora85@gmail.com,Glenna.Armstrong90,2zTqV3b_iWiXLV4,Sat Sep 14 2024 00:06:39 GMT+0300 (Rytų Europos vasaros laikas)
Naomie,Spinka,1-760-780-1506 x71073,Asa.Blick43@gmail.com,Gabriel98,qyNr0XwmpjvW6t0,Sun Nov 10 2024 20:58:21 GMT+0200 (Rytų Europos žiemos laikas)
Eli,Schinner,(936) 291-8073 x09414,Percival_Homenick@hotmail.com,Lupe.Lemke97,mfYKeG2hnGDU_E1,Tue Nov 05 2024 13:14:40 GMT+0200 (Rytų Europos žiemos laikas)
Alvena,Quitzon,1-324-398-0431 x699,Alexandre_Cummerata53@yahoo.com,Ulices_Hirthe13,2SmtZzpTND7H0CA,Sun Oct 20 2024 19:58:26 GMT+0300 (Rytų Europos vasaros laikas)
Carrie,Schmitt,927-545-8669 x85149,Carlee_Ernser@hotmail.com,Billy_Smith,g_8gt5N5ymFRiOK,Fri Jul 12 2024 15:33:12 GMT+0300 (Rytų Europos vasaros laikas)
Heidi,Kling,1-542-553-7289,Abdul49@hotmail.com,Precious56,i3TsKRnIU681WvD,Tue Jun 18 2024 06:35:27 GMT+0300 (Rytų Europos vasaros laikas)
Johann,Tromp,1-455-798-2002 x15161,Corbin.Jast20@hotmail.com,Monty_Kris2,PKMjbKAEDpRxd95,Tue Nov 12 2024 13:36:04 GMT+0200 (Rytų Europos žiemos laikas)
Deion,Johnson,301.797.2953,Lia_Schmeler@hotmail.com,Justine.Kutch,55zGHa8KRdcKtSf,Mon Nov 18 2024 14:52:08 GMT+0200 (Rytų Europos žiemos laikas)
Brock,Lynch,441.613.7780,Kieran.Wolf@gmail.com,Geovanny_Murphy82,YvUPvldmZO0XReP,Tue Nov 19 2024 14:10:45 GMT+0200 (Rytų Europos žiemos laikas)
Jayda,Robel,(820) 900-7336 x29492,Kiarra.Stamm30@yahoo.com,Jasmin41,b1Z8ay3PamGI4It,Thu Aug 15 2024 19:02:03 GMT+0300 (Rytų Europos vasaros laikas)
Reilly,Dare,1-669-885-6119,Sister31@hotmail.com,Claire.Dooley-Mann16,Y3i2eLXNLZEZB_j,Sat Dec 14 2024 23:33:10 GMT+0200 (Rytų Europos žiemos laikas)
Hilario,Green,765.826.0830,Kiera_Von@gmail.com,Prudence.Dooley,qrmoh4eYOGMo9c8,Thu Oct 31 2024 13:24:09 GMT+0200 (Rytų Europos žiemos laikas)
Brennan,Trantow,1-888-461-9120 x47225,Rosalyn_Hansen66@hotmail.com,Ramon_Becker,C72fVleynojOJt4,Mon Oct 14 2024 21:56:23 GMT+0300 (Rytų Europos vasaros laikas)
Elsa,Jones,1-943-209-3278 x79120,Wellington_Doyle98@hotmail.com,Elenora_Stiedemann59,cPrYODGwGUYc5Ik,Sat Nov 30 2024 20:03:25 GMT+0200 (Rytų Europos žiemos laikas)
Shanelle,Rolfson,239.615.4030 x986,Alanna_Fritsch@hotmail.com,Janessa.Hand,CYTGoQ3vkxwUGXC,Sun Jul 28 2024 11:36:53 GMT+0300 (Rytų Europos vasaros laikas)
Giles,Heidenreich,1-915-906-8043 x55918,Mary_Daniel-Gislason@hotmail.com,Arianna.Abernathy,CqKgeBUPhz7N_o5,Tue Jun 25 2024 05:32:57 GMT+0300 (Rytų Europos vasaros laikas)
Mariana,Gutkowski,1-979-756-2569 x96091,Jeffrey_Bogisich85@yahoo.com,Jasper_Williamson52,FGWr8xMQ6nLFGUz,Sat Sep 21 2024 06:59:05 GMT+0300 (Rytų Europos vasaros laikas)
Gertrude,Sawayn,726.414.2844 x096,Vincenzo61@yahoo.com,Alba87,vPtGgRMQbJEZRnb,Tue Oct 22 2024 19:01:16 GMT+0300 (Rytų Europos vasaros laikas)
Jay,Gusikowski,969.957.7650,Frederique30@yahoo.com,Braulio_Huels,T9CrPKcHX5gP2OV,Sun Oct 06 2024 04:15:16 GMT+0300 (Rytų Europos vasaros laikas)
Roberta,Hilpert,(952) 448-9408,Eva.Bogisich@gmail.com,Jessyca.Harber,twEt4hs5uZke8Vk,Mon Feb 03 2025 07:39:59 GMT+0200 (Rytų Europos žiemos laikas)
Cyrus,Schowalter,(779) 592-5769 x345,Keaton_Toy@gmail.com,Madison.Daugherty,hnyattxRMj3dIgF,Thu Apr 25 2024 07:45:45 GMT+0300 (Rytų Europos vasaros laikas)
Santina,MacGyver,1-991-920-4500 x363,Floyd81@gmail.com,Andres.Purdy,Q06QjTqOQSqsfRW,Sun Aug 25 2024 05:53:12 GMT+0300 (Rytų Europos vasaros laikas)
Karli,Runolfsdottir,907.649.0493 x53170,Claudie_Zemlak@gmail.com,Romaine27,li72CHl1P_PoYMP,Sat Feb 01 2025 19:42:07 GMT+0200 (Rytų Europos žiemos laikas)
Enoch,Ledner,421.650.2493 x383,Ashly_Kunze-Funk@hotmail.com,Jamarcus_Kilback,1HN5cww2ZCQ0kgT,Sun Jul 21 2024 15:10:22 GMT+0300 (Rytų Europos vasaros laikas)
Simeon,Hodkiewicz,(720) 834-0903 x8007,Pierce.DuBuque@gmail.com,Demarcus67,66jbf0CEJtv3VW6,Mon Jun 17 2024 20:37:21 GMT+0300 (Rytų Europos vasaros laikas)
Kari,Deckow,1-632-460-1476 x35205,Barton45@gmail.com,Reta_Beier-Kreiger,CZSN2YRmHtESInL,Tue Jun 04 2024 03:02:52 GMT+0300 (Rytų Europos vasaros laikas)
Nola,Keeling,1-825-768-5061 x68011,Oscar_Waelchi@yahoo.com,Nasir_Koepp,mp0Uwp5SMkAMm0D,Sun Jul 28 2024 20:18:22 GMT+0300 (Rytų Europos vasaros laikas)
Rhea,Crist,569.449.0040,Oswaldo.Runte@yahoo.com,Emily_Deckow85,lHvQnDSla677g7G,Fri Jul 26 2024 21:14:55 GMT+0300 (Rytų Europos vasaros laikas)
Kaleb,Kris,(358) 754-2517,Fred_Willms95@gmail.com,Jedidiah.Jaskolski63,QdL6fJGjSy4OAYR,Tue Feb 11 2025 08:07:09 GMT+0200 (Rytų Europos žiemos laikas)
Dane,Murazik-Block,1-490-491-6817 x30960,Adalberto.Reinger26@hotmail.com,Tad61,l7ppVW6I8vHU0Q5,Wed May 29 2024 01:32:54 GMT+0300 (Rytų Europos vasaros laikas)
