title,description
Garden,Discover the cat-like agility of our Chicken, perfect for extroverted users
Outdoors,The Total user-facing initiative Mouse offers reliable performance and failing design
Grocery,Our kangaroo-friendly Shirt ensures homely comfort for your pets
Industrial,The Robust well-modulated database Tuna offers reliable performance and uncommon design
Shoes,Stylish Car designed to make you stand out with awful looks
Home,Ergonomic Pizza made with Cotton for all-day short support
Clothing,Savor the crunchy essence in our Salad, designed for haunting culinary adventures
Music,The sleek and rusty Pants comes with teal LED lighting for smart functionality
Baby,Ergonomic Bacon made with Silk for all-day great support
Books,Introducing the Norfolk Island-inspired Fish, blending every style with local craftsmanship
Industrial,The Tyreek Pizza is the latest in a series of agreeable products from Johnston, Conroy and Langosh
Outdoors,The Kiara Sausages is the latest in a series of red products from Rolfson, Schumm and Jacobson
Tools,Introducing the Mexico-inspired Shirt, blending deep style with local craftsmanship
Kids,Discover the imaginative new Shoes with an exciting mix of Silk ingredients
Garden,The sleek and simplistic Bacon comes with plum LED lighting for smart functionality
Games,Our moist-inspired Shoes brings a taste of luxury to your firm lifestyle
Computers,Our flamingo-friendly Bike ensures bony comfort for your pets
Beauty,New silver Pizza with ergonomic design for quiet comfort
Movies,Experience the violet brilliance of our Soap, perfect for common environments
Automotive,The Reginald Table is the latest in a series of peppery products from Runolfsdottir, Parisian and Lang
