title,description,price
Gloves,Discover the dolphin-like agility of our Shoes, perfect for careless users,606.89
Shirt,Introducing the Suriname-inspired Fish, blending blind style with local craftsmanship,409.55
Table,Ergonomic Bike designed with Plastic for bruised performance,185.49
Chair,Innovative Shoes featuring bony technology and Plastic construction,693.55
Gloves,Featuring Strontium-enhanced technology, our Salad offers unparalleled glossy performance,191.55
Chair,Stylish Chair designed to make you stand out with baggy looks,195.19
Fish,Our zesty-inspired Keyboard brings a taste of luxury to your straight lifestyle,303.30
Bike,The sleek and smoggy Fish comes with cyan LED lighting for smart functionality,310.09
Gloves,Stylish Gloves designed to make you stand out with huge looks,6.69
Hat,Experience the green brilliance of our Bacon, perfect for frivolous environments,863.65
Car,Stylish Sausages designed to make you stand out with alive looks,39.79
Pants,Savor the zesty essence in our Table, designed for firm culinary adventures,671.65
Chicken,Discover the koala-like agility of our Soap, perfect for huge users,576.94
Fish,Innovative Car featuring electric technology and Bamboo construction,381.09
Chair,Ergonomic Keyboard made with Steel for all-day altruistic support,137.29
Chair,Stylish Chair designed to make you stand out with clear-cut looks,370.79
Soap,Legros - Bernhard's most advanced Chair technology increases worthless capabilities,749.25
Table,New olive Car with ergonomic design for unsightly comfort,100.69
Table,New Bike model with 42 GB RAM, 186 GB storage, and hopeful features,581.99
Ball,New Hat model with 63 GB RAM, 117 GB storage, and tangible features,427.59
